"No.","Time","Source","Destination","Protocol","Length","Info"
"1","0.000000","192.168.43.56","52.112.89.131","UDP","158","50037  >  3480 Len=116"
"2","0.064301","52.114.49.140","192.168.43.56","STUN","195","Allocate Success Response lifetime: 60 MAPPED-ADDRESS: 52.114.49.140:3480 XOR-MAPPED-ADDRESS: 49.35.218.94:50037[Malformed Packet]"
"3","0.064301","52.112.89.131","192.168.43.56","UDP","117","3480  >  50037 Len=75"
"4","0.064594","52.112.89.131","192.168.43.56","UDP","129","3481  >  50057 Len=87"
"5","0.064594","52.112.89.131","192.168.43.56","UDP","81","3479  >  50001 Len=39"
"6","0.064594","52.112.89.131","192.168.43.56","UDP","1257","3479  >  50001 Len=1215"
"7","0.104031","192.168.43.56","52.112.89.131","UDP","158","50049  >  3481 Len=116"
"8","0.109749","192.168.43.56","52.112.89.131","UDP","158","50057  >  3481 Len=116"
"9","0.223848","192.168.43.56","52.112.89.131","UDP","145","50037  >  3480 Len=103"
"10","0.233420","52.112.89.131","192.168.43.56","STUN","114","Binding Success Response XOR-MAPPED-ADDRESS: 49.35.218.94:50037"
"11","0.302501","52.112.89.131","192.168.43.56","STUN","114","Binding Success Response XOR-MAPPED-ADDRESS: 49.35.218.94:50057"
"12","0.307399","52.112.89.131","192.168.43.56","STUN","114","Binding Success Response XOR-MAPPED-ADDRESS: 49.35.218.94:50049"
"13","0.454674","2409:4042:e81:25c5:117c:5fb9:e6be:ac0d","2404:6800:4009:80c::2004","ICMPv6","94","Echo (ping) request id=0x0001, seq=68, hop limit=128 (reply in 15)"
"14","0.460179","52.112.89.131","192.168.43.56","UDP","117","3480  >  50037 Len=75"
"15","0.533773","2404:6800:4009:80c::2004","2409:4042:e81:25c5:117c:5fb9:e6be:ac0d","ICMPv6","94","Echo (ping) reply id=0x0001, seq=68, hop limit=117 (request in 13)"
"16","0.565246","192.168.43.56","52.112.89.131","UDP","145","50037  >  3480 Len=103"
"17","0.582042","192.168.43.56","52.112.89.131","UDP","158","50001  >  3479 Len=116"
"18","0.869712","192.168.43.56","52.112.89.131","UDP","145","50037  >  3480 Len=103"
"19","0.942381","52.112.89.131","192.168.43.56","STUN","114","Binding Success Response XOR-MAPPED-ADDRESS: 49.35.218.94:50001"
"20","1.275607","192.168.43.56","52.112.89.131","UDP","158","50037  >  3480 Len=116"
"21","1.309120","192.168.43.56","52.112.89.131","UDP","145","50037  >  3480 Len=103"
"22","1.326635","192.168.43.56","52.112.89.131","UDP","158","50049  >  3481 Len=116"
"23","1.326904","192.168.43.56","52.112.89.131","UDP","158","50057  >  3481 Len=116"
"24","1.343948","52.112.89.131","192.168.43.56","UDP","117","3480  >  50037 Len=75"
"25","1.452774","192.168.43.56","52.112.89.131","UDP","141","50057  >  3481 Len=99"
"26","1.475708","2409:4042:e81:25c5:117c:5fb9:e6be:ac0d","2404:6800:4009:80c::2004","ICMPv6","94","Echo (ping) request id=0x0001, seq=69, hop limit=128 (reply in 30)"
"27","1.504644","52.112.89.131","192.168.43.56","UDP","141","3481  >  50049 Len=99"
"28","1.507851","52.112.89.131","192.168.43.56","UDP","117","3480  >  50037 Len=75"
"29","1.532431","52.112.89.131","192.168.43.56","STUN","114","Binding Success Response XOR-MAPPED-ADDRESS: 49.35.218.94:50037"
"30","1.539649","2404:6800:4009:80c::2004","2409:4042:e81:25c5:117c:5fb9:e6be:ac0d","ICMPv6","94","Echo (ping) reply id=0x0001, seq=69, hop limit=117 (request in 26)"
"31","1.594753","52.112.89.131","192.168.43.56","STUN","114","Binding Success Response XOR-MAPPED-ADDRESS: 49.35.218.94:50057"
"32","1.594753","52.112.89.131","192.168.43.56","STUN","114","Binding Success Response XOR-MAPPED-ADDRESS: 49.35.218.94:50049"
"33","1.767152","192.168.43.56","52.112.89.131","UDP","145","50037  >  3480 Len=103"
"34","1.820900","192.168.43.56","52.112.89.131","UDP","177","50001  >  3479 Len=135"
"35","1.860238","52.112.89.131","192.168.43.56","UDP","117","3480  >  50037 Len=75"
"36","1.916320","52.112.89.131","192.168.43.56","UDP","117","3480  >  50037 Len=75"
"37","1.964521","192.168.43.56","52.112.89.131","UDP","158","50001  >  3479 Len=116"
"38","2.368472","192.168.43.56","52.112.89.131","UDP","145","50037  >  3480 Len=103"
"39","2.379953","52.112.89.131","192.168.43.56","UDP","129","3481  >  50057 Len=87"
"40","2.379953","52.112.89.131","192.168.43.56","STUN","114","Binding Success Response XOR-MAPPED-ADDRESS: 49.35.218.94:50001"
"41","2.380171","52.112.89.131","192.168.43.56","UDP","141","3480  >  50037 Len=99"
"42","2.393082","192.168.43.56","52.112.89.131","UDP","145","50037  >  3480 Len=103"
"43","2.507955","192.168.43.56","52.112.89.131","UDP","145","50037  >  3480 Len=103"
"44","2.594638","192.168.43.56","52.112.89.131","UDP","158","50037  >  3480 Len=116"
"45","2.699024","52.112.89.131","192.168.43.56","UDP","117","3480  >  50037 Len=75"
"46","2.700530","192.168.43.56","52.112.89.131","UDP","158","50049  >  3481 Len=116"
"47","2.700841","192.168.43.56","52.112.89.131","UDP","158","50057  >  3481 Len=116"
"48","2.733827","192.168.43.56","52.112.89.131","UDP","141","50049  >  3481 Len=99"
"49","2.817572","52.112.89.131","192.168.43.56","STUN","114","Binding Success Response XOR-MAPPED-ADDRESS: 49.35.218.94:50037"
"50","2.838750","52.112.89.131","192.168.43.56","UDP","117","3480  >  50037 Len=75"
"51","2.915279","52.112.89.131","192.168.43.56","STUN","114","Binding Success Response XOR-MAPPED-ADDRESS: 49.35.218.94:50057"
"52","2.915279","52.112.89.131","192.168.43.56","STUN","114","Binding Success Response XOR-MAPPED-ADDRESS: 49.35.218.94:50049"
"53","3.093511","192.168.43.56","52.112.89.131","UDP","145","50037  >  3480 Len=103"
"54","3.438471","192.168.43.56","52.112.89.131","UDP","158","50001  >  3479 Len=116"
"55","3.467392","192.168.43.56","52.112.89.131","UDP","145","50037  >  3480 Len=103"
"56","3.505291","52.112.89.131","192.168.43.56","UDP","117","3480  >  50037 Len=75"
"57","3.611388","192.168.43.56","52.112.89.131","UDP","93","50057  >  3481 Len=51"
"58","3.611513","192.168.43.56","52.112.89.131","UDP","1269","50057  >  3481 Len=1227"
"59","3.611578","192.168.43.56","52.112.89.131","UDP","1269","50057  >  3481 Len=1227"
"60","3.639187","52.112.89.131","192.168.43.56","UDP","117","3480  >  50037 Len=75"
"61","3.746785","2a01:111:f100:7000::6fdd:50c4","2409:4042:e81:25c5:117c:5fb9:e6be:ac0d","TCP","1444","443  >  49503 [ACK] Seq=1 Ack=1 Win=2049 Len=1370 [TCP segment of a reassembled PDU]"
"62","3.746785","2a01:111:f100:7000::6fdd:50c4","2409:4042:e81:25c5:117c:5fb9:e6be:ac0d","TCP","1444","443  >  49503 [ACK] Seq=1371 Ack=1 Win=2049 Len=1370 [TCP segment of a reassembled PDU]"
"63","3.747047","2409:4042:e81:25c5:117c:5fb9:e6be:ac0d","2a01:111:f100:7000::6fdd:50c4","TCP","74","49503  >  443 [ACK] Seq=1 Ack=2741 Win=256 Len=0"
"64","3.747149","2a01:111:f100:7000::6fdd:50c4","2409:4042:e81:25c5:117c:5fb9:e6be:ac0d","TCP","1444","443  >  49503 [ACK] Seq=2741 Ack=1 Win=2049 Len=1370 [TCP segment of a reassembled PDU]"
"65","3.752372","2a01:111:f100:7000::6fdd:50c4","2409:4042:e81:25c5:117c:5fb9:e6be:ac0d","TCP","1444","443  >  49503 [ACK] Seq=4111 Ack=1 Win=2049 Len=1370 [TCP segment of a reassembled PDU]"
"66","3.752456","2409:4042:e81:25c5:117c:5fb9:e6be:ac0d","2a01:111:f100:7000::6fdd:50c4","TCP","74","49503  >  443 [ACK] Seq=1 Ack=5481 Win=256 Len=0"
"67","3.762260","2a01:111:f100:7000::6fdd:50c4","2409:4042:e81:25c5:117c:5fb9:e6be:ac0d","TCP","1444","443  >  49503 [ACK] Seq=5481 Ack=1 Win=2049 Len=1370 [TCP segment of a reassembled PDU]"
"68","3.775586","2a01:111:f100:7000::6fdd:50c4","2409:4042:e81:25c5:117c:5fb9:e6be:ac0d","TCP","1444","443  >  49503 [ACK] Seq=6851 Ack=1 Win=2049 Len=1370 [TCP segment of a reassembled PDU]"
"69","3.775687","2409:4042:e81:25c5:117c:5fb9:e6be:ac0d","2a01:111:f100:7000::6fdd:50c4","TCP","74","49503  >  443 [ACK] Seq=1 Ack=8221 Win=256 Len=0"
"70","3.787186","2a01:111:f100:7000::6fdd:50c4","2409:4042:e81:25c5:117c:5fb9:e6be:ac0d","TCP","1444","443  >  49503 [ACK] Seq=8221 Ack=1 Win=2049 Len=1370 [TCP segment of a reassembled PDU]"
"71","3.790530","2a01:111:f100:7000::6fdd:50c4","2409:4042:e81:25c5:117c:5fb9:e6be:ac0d","TCP","1444","443  >  49503 [ACK] Seq=9591 Ack=1 Win=2049 Len=1370 [TCP segment of a reassembled PDU]"
"72","3.790629","2409:4042:e81:25c5:117c:5fb9:e6be:ac0d","2a01:111:f100:7000::6fdd:50c4","TCP","74","49503  >  443 [ACK] Seq=1 Ack=10961 Win=256 Len=0"
"73","3.856822","2a01:111:f100:7000::6fdd:50c4","2409:4042:e81:25c5:117c:5fb9:e6be:ac0d","TCP","1444","[TCP Previous segment not captured] 443  >  49503 [ACK] Seq=13701 Ack=1 Win=2049 Len=1370 [TCP segment of a reassembled PDU]"
"74","3.856924","2409:4042:e81:25c5:117c:5fb9:e6be:ac0d","2a01:111:f100:7000::6fdd:50c4","TCP","86","[TCP Dup ACK 72#1] 49503  >  443 [ACK] Seq=1 Ack=10961 Win=256 Len=0 SLE=13701 SRE=15071"
"75","3.894274","2a01:111:f100:7000::6fdd:50c4","2409:4042:e81:25c5:117c:5fb9:e6be:ac0d","TCP","1444","443  >  49503 [ACK] Seq=15071 Ack=1 Win=2049 Len=1370 [TCP segment of a reassembled PDU] [TCP segment of a reassembled PDU]"
"76","3.894447","2409:4042:e81:25c5:117c:5fb9:e6be:ac0d","2a01:111:f100:7000::6fdd:50c4","TCP","86","[TCP Dup ACK 72#2] 49503  >  443 [ACK] Seq=1 Ack=10961 Win=256 Len=0 SLE=13701 SRE=16441"
"77","3.898179","2a01:111:f100:7000::6fdd:50c4","2409:4042:e81:25c5:117c:5fb9:e6be:ac0d","TCP","1444","443  >  49503 [ACK] Seq=16441 Ack=1 Win=2049 Len=1370 [TCP segment of a reassembled PDU]"
"78","3.898354","2409:4042:e81:25c5:117c:5fb9:e6be:ac0d","2a01:111:f100:7000::6fdd:50c4","TCP","86","[TCP Dup ACK 72#3] 49503  >  443 [ACK] Seq=1 Ack=10961 Win=256 Len=0 SLE=13701 SRE=17811"
"79","3.912113","2a01:111:f100:7000::6fdd:50c4","2409:4042:e81:25c5:117c:5fb9:e6be:ac0d","TCP","1444","443  >  49503 [ACK] Seq=17811 Ack=1 Win=2049 Len=1370 [TCP segment of a reassembled PDU]"
"80","3.912292","2409:4042:e81:25c5:117c:5fb9:e6be:ac0d","2a01:111:f100:7000::6fdd:50c4","TCP","86","[TCP Dup ACK 72#4] 49503  >  443 [ACK] Seq=1 Ack=10961 Win=256 Len=0 SLE=13701 SRE=19181"
"81","3.916539","192.168.43.56","52.112.89.131","UDP","158","50037  >  3480 Len=116"
"82","3.953562","52.112.89.131","192.168.43.56","STUN","114","Binding Success Response XOR-MAPPED-ADDRESS: 49.35.218.94:50001"
"83","3.953562","52.112.89.131","192.168.43.56","UDP","117","3480  >  50037 Len=75"
"84","3.967103","192.168.43.56","52.112.89.131","UDP","158","50049  >  3481 Len=116"
"85","3.967424","192.168.43.56","52.112.89.131","UDP","158","50057  >  3481 Len=116"
"86","4.018850","2a01:111:f100:7000::6fdd:50c4","2409:4042:e81:25c5:117c:5fb9:e6be:ac0d","TCP","1444","[TCP Retransmission] 443  >  49503 [ACK] Seq=10961 Ack=1 Win=2049 Len=1370"
"87","4.019085","2409:4042:e81:25c5:117c:5fb9:e6be:ac0d","2a01:111:f100:7000::6fdd:50c4","TCP","86","49503  >  443 [ACK] Seq=1 Ack=12331 Win=256 Len=0 SLE=13701 SRE=19181"
"88","4.021273","2a01:111:f100:7000::6fdd:50c4","2409:4042:e81:25c5:117c:5fb9:e6be:ac0d","TCP","1444","[TCP Retransmission] 443  >  49503 [ACK] Seq=12331 Ack=1 Win=2049 Len=1370"
"89","4.021416","2409:4042:e81:25c5:117c:5fb9:e6be:ac0d","2a01:111:f100:7000::6fdd:50c4","TCP","74","49503  >  443 [ACK] Seq=1 Ack=19181 Win=256 Len=0"
"90","4.066499","52.112.89.131","192.168.43.56","UDP","141","3481  >  50049 Len=99"
"91","4.134438","52.112.89.131","192.168.43.56","UDP","81","3479  >  50001 Len=39"
"92","4.138248","52.112.89.131","192.168.43.56","UDP","1257","3479  >  50001 Len=1215"
"93","4.222018","vivoMobi_56:f7:dd","AzureWav_8b:92:eb","ARP","42","Who has 192.168.43.56? Tell 192.168.43.1"
"94","4.222058","AzureWav_8b:92:eb","vivoMobi_56:f7:dd","ARP","42","192.168.43.56 is at d8:c0:a6:8b:92:eb"
"95","4.226643","52.112.89.131","192.168.43.56","STUN","114","Binding Success Response XOR-MAPPED-ADDRESS: 49.35.218.94:50057"
"96","4.226643","52.112.89.131","192.168.43.56","STUN","114","Binding Success Response XOR-MAPPED-ADDRESS: 49.35.218.94:50049"
"97","4.230222","52.112.89.131","192.168.43.56","STUN","114","Binding Success Response XOR-MAPPED-ADDRESS: 49.35.218.94:50037"
"98","4.259722","192.168.43.56","52.112.89.131","UDP","177","50001  >  3479 Len=135"
"99","4.383246","192.168.43.56","52.112.89.131","UDP","141","50057  >  3481 Len=99"
"100","4.460418","2a01:111:f100:7000::6fdd:50c4","2409:4042:e81:25c5:117c:5fb9:e6be:ac0d","TCP","1444","443  >  49503 [ACK] Seq=19181 Ack=1 Win=2049 Len=1370 [TCP segment of a reassembled PDU]"
"101","4.507194","2409:4042:e81:25c5:117c:5fb9:e6be:ac0d","2a01:111:f100:7000::6fdd:50c4","TCP","74","49503  >  443 [ACK] Seq=1 Ack=20551 Win=256 Len=0"
"102","4.614709","2a01:111:f100:7000::6fdd:50c4","2409:4042:e81:25c5:117c:5fb9:e6be:ac0d","TCP","1444","443  >  49503 [ACK] Seq=20551 Ack=1 Win=2049 Len=1370 [TCP segment of a reassembled PDU]"
"103","4.619669","2a01:111:f100:7000::6fdd:50c4","2409:4042:e81:25c5:117c:5fb9:e6be:ac0d","TLSv1.2","817","Application Data"
"104","4.619780","2409:4042:e81:25c5:117c:5fb9:e6be:ac0d","2a01:111:f100:7000::6fdd:50c4","TCP","74","49503  >  443 [ACK] Seq=1 Ack=22664 Win=256 Len=0"
"105","4.633676","2409:4042:e81:25c5:117c:5fb9:e6be:ac0d","2a01:111:f100:7000::6fdd:50c4","TLSv1.2","476","Application Data"
"106","4.736071","192.168.43.56","52.112.89.131","UDP","145","50037  >  3480 Len=103"
"107","4.800868","2a01:111:f100:7000::6fdd:50c4","2409:4042:e81:25c5:117c:5fb9:e6be:ac0d","TCP","74","443  >  49503 [ACK] Seq=22664 Ack=403 Win=2048 Len=0"
"108","4.832706","192.168.43.56","52.112.89.131","UDP","145","50037  >  3480 Len=103"
"109","4.854805","52.112.89.131","192.168.43.56","UDP","117","3480  >  50037 Len=75"
"110","4.876054","52.112.89.131","192.168.43.56","UDP","141","3480  >  50037 Len=99"
"111","5.008908","192.168.43.56","52.112.89.131","UDP","141","50037  >  3480 Len=99"
"112","5.015690","192.168.43.56","52.112.89.131","UDP","158","50001  >  3479 Len=116"
"113","5.052587","192.168.43.56","52.112.89.131","UDP","145","50037  >  3480 Len=103"
"114","5.185795","192.168.43.56","52.112.89.131","UDP","145","50037  >  3480 Len=103"
"115","5.192606","52.112.89.131","192.168.43.56","UDP","117","3480  >  50037 Len=75"
"116","5.253856","52.112.89.131","192.168.43.56","STUN","114","Binding Success Response XOR-MAPPED-ADDRESS: 49.35.218.94:50001"
"117","5.284233","192.168.43.56","52.112.89.131","UDP","158","50037  >  3480 Len=116"
"118","5.284401","192.168.43.56","52.112.89.131","UDP","158","50049  >  3481 Len=116"
"119","5.284514","192.168.43.56","52.112.89.131","UDP","158","50057  >  3481 Len=116"
"120","5.308977","52.112.89.131","192.168.43.56","UDP","117","3480  >  50037 Len=75"
"121","5.415916","52.111.244.0","192.168.43.56","TLSv1.2","105","Application Data"
"122","5.436976","192.168.43.56","52.112.89.131","UDP","145","50037  >  3480 Len=103"
"123","5.468977","192.168.43.56","52.111.244.0","TCP","54","49482  >  443 [ACK] Seq=1 Ack=52 Win=255 Len=0"
"124","5.492403","52.112.89.131","192.168.43.56","STUN","114","Binding Success Response XOR-MAPPED-ADDRESS: 49.35.218.94:50057"
"125","5.492403","52.112.89.131","192.168.43.56","STUN","114","Binding Success Response XOR-MAPPED-ADDRESS: 49.35.218.94:50049"
"126","5.496055","52.112.89.131","192.168.43.56","STUN","114","Binding Success Response XOR-MAPPED-ADDRESS: 49.35.218.94:50037"
"127","5.654109","192.168.43.56","52.112.89.131","UDP","145","50037  >  3480 Len=103"
"128","5.829291","192.168.43.56","52.112.89.131","UDP","145","50037  >  3480 Len=103"
"129","6.006585","192.168.43.56","52.112.89.131","UDP","141","50049  >  3481 Len=99"
"130","6.075286","52.112.89.131","192.168.43.56","UDP","117","3480  >  50037 Len=75"
"131","6.314192","192.168.43.56","52.112.89.131","UDP","158","50001  >  3479 Len=116"
"132","6.374272","192.168.43.56","52.112.89.131","UDP","145","50037  >  3480 Len=103"
"133","6.384939","52.112.89.131","192.168.43.56","UDP","129","3481  >  50057 Len=87"
"134","6.413914","52.112.89.131","192.168.43.56","UDP","117","3480  >  50037 Len=75"
"135","6.432380","2405:200:160b:1731::172d:2f69","2409:4042:e81:25c5:117c:5fb9:e6be:ac0d","TLSv1.2","105","Encrypted Alert"
"136","6.432380","2405:200:160b:1731::172d:2f69","2409:4042:e81:25c5:117c:5fb9:e6be:ac0d","TCP","74","443  >  61647 [FIN, ACK] Seq=32 Ack=1 Win=242 Len=0"
"137","6.432718","2409:4042:e81:25c5:117c:5fb9:e6be:ac0d","2405:200:160b:1731::172d:2f69","TCP","74","61647  >  443 [ACK] Seq=1 Ack=33 Win=1021 Len=0"
"138","6.532714","192.168.43.56","52.112.89.131","UDP","158","50037  >  3480 Len=116"
"139","6.533059","192.168.43.56","52.112.89.131","UDP","158","50049  >  3481 Len=116"
"140","6.533343","192.168.43.56","52.112.89.131","UDP","158","50057  >  3481 Len=116"
"141","6.561536","52.112.89.131","192.168.43.56","STUN","114","Binding Success Response XOR-MAPPED-ADDRESS: 49.35.218.94:50001"
"142","6.584342","192.168.43.56","52.112.89.131","UDP","141","50057  >  3481 Len=99"
"143","6.861245","52.112.89.131","192.168.43.56","STUN","114","Binding Success Response XOR-MAPPED-ADDRESS: 49.35.218.94:50057"
"144","6.861245","52.112.89.131","192.168.43.56","STUN","114","Binding Success Response XOR-MAPPED-ADDRESS: 49.35.218.94:50049"
"145","6.861634","52.112.89.131","192.168.43.56","STUN","114","Binding Success Response XOR-MAPPED-ADDRESS: 49.35.218.94:50037"
"146","6.951127","2409:4042:e81:25c5:117c:5fb9:e6be:ac0d","2404:6800:4009:80c::2004","ICMPv6","94","Echo (ping) request id=0x0001, seq=70, hop limit=128 (reply in 148)"
"147","6.993570","52.112.89.131","192.168.43.56","UDP","117","3480  >  50037 Len=75"
"148","7.030848","2404:6800:4009:80c::2004","2409:4042:e81:25c5:117c:5fb9:e6be:ac0d","ICMPv6","94","Echo (ping) reply id=0x0001, seq=70, hop limit=117 (request in 146)"
"149","7.134200","52.112.89.131","192.168.43.56","UDP","117","3480  >  50037 Len=75"
"150","7.134200","52.112.89.131","192.168.43.56","UDP","117","3480  >  50037 Len=75"
"151","7.579876","192.168.43.56","52.112.89.131","UDP","145","50037  >  3480 Len=103"
"152","7.606881","192.168.43.56","52.112.89.131","UDP","158","50001  >  3479 Len=116"
"153","7.628991","192.168.43.56","52.112.89.131","UDP","93","50057  >  3481 Len=51"
"154","7.629207","192.168.43.56","52.112.89.131","UDP","1269","50057  >  3481 Len=1227"
"155","7.629323","192.168.43.56","52.112.89.131","UDP","1269","50057  >  3481 Len=1227"
"156","7.689542","192.168.43.56","52.112.89.131","UDP","145","50037  >  3480 Len=103"
"157","7.787404","192.168.43.56","52.112.89.131","UDP","141","50037  >  3480 Len=99"
"158","7.815145","52.112.89.131","192.168.43.56","STUN","114","Binding Success Response XOR-MAPPED-ADDRESS: 49.35.218.94:50001"
"159","7.879085","2409:4042:e81:25c5:117c:5fb9:e6be:ac0d","2405:200:800::1","DNS","101","Standard query 0xbefc A sadownload.mcafee.com"
"160","7.879949","2409:4042:e81:25c5:117c:5fb9:e6be:ac0d","2405:200:800::1","DNS","101","Standard query 0x9631 AAAA sadownload.mcafee.com"
"161","7.895845","52.112.89.131","192.168.43.56","UDP","141","3481  >  50049 Len=99"
"162","7.918655","192.168.43.56","52.112.89.131","UDP","158","50037  >  3480 Len=116"
"163","7.918837","192.168.43.56","52.112.89.131","UDP","158","50049  >  3481 Len=116"
"164","7.918950","192.168.43.56","52.112.89.131","UDP","158","50057  >  3481 Len=116"
"165","7.944210","2405:200:800::1","2409:4042:e81:25c5:117c:5fb9:e6be:ac0d","DNS","243","Standard query response 0x9631 AAAA sadownload.mcafee.com CNAME sadownload-new.mcafee.com.edgekey.net CNAME e7479.g.akamaiedge.net SOA n0g.akamaiedge.net"
"166","7.944210","2405:200:800::1","2409:4042:e81:25c5:117c:5fb9:e6be:ac0d","DNS","201","Standard query response 0xbefc A sadownload.mcafee.com CNAME sadownload-new.mcafee.com.edgekey.net CNAME e7479.g.akamaiedge.net A 49.44.165.167"
"167","7.945589","192.168.43.56","49.44.165.167","TCP","66","61649  >  443 [SYN] Seq=0 Win=64240 Len=0 MSS=1460 WS=256 SACK_PERM=1"
"168","7.951637","192.168.43.56","49.44.165.167","TCP","66","61650  >  443 [SYN] Seq=0 Win=64240 Len=0 MSS=1460 WS=256 SACK_PERM=1"
"169","7.974765","2409:4042:e81:25c5:117c:5fb9:e6be:ac0d","2404:6800:4009:80c::2004","ICMPv6","94","Echo (ping) request id=0x0001, seq=71, hop limit=128 (reply in 178)"
"170","7.979788","192.168.43.56","52.112.89.131","UDP","145","50037  >  3480 Len=103"
"171","8.014248","52.112.89.131","192.168.43.56","UDP","129","3479  >  50001 Len=87"
"172","8.014248","49.44.165.167","192.168.43.56","TCP","66","443  >  61649 [SYN, ACK] Seq=0 Ack=1 Win=29200 Len=0 MSS=1370 SACK_PERM=1 WS=128"
"173","8.014460","192.168.43.56","49.44.165.167","TCP","54","61649  >  443 [ACK] Seq=1 Ack=1 Win=65536 Len=0"
"174","8.015104","192.168.43.56","49.44.165.167","TLSv1.2","260","Client Hello"
"175","8.022435","49.44.165.167","192.168.43.56","TCP","66","443  >  61650 [SYN, ACK] Seq=0 Ack=1 Win=29200 Len=0 MSS=1370 SACK_PERM=1 WS=128"
"176","8.022625","192.168.43.56","49.44.165.167","TCP","54","61650  >  443 [ACK] Seq=1 Ack=1 Win=65536 Len=0"
"177","8.023444","192.168.43.56","49.44.165.167","TLSv1.2","260","Client Hello"
"178","8.028764","2404:6800:4009:80c::2004","2409:4042:e81:25c5:117c:5fb9:e6be:ac0d","ICMPv6","94","Echo (ping) reply id=0x0001, seq=71, hop limit=117 (request in 169)"
"179","8.046596","192.168.43.56","52.112.89.131","UDP","177","50001  >  3479 Len=135"
"180","8.094387","49.44.165.167","192.168.43.56","TCP","54","443  >  61649 [ACK] Seq=1 Ack=207 Win=30336 Len=0"
"181","8.094387","49.44.165.167","192.168.43.56","TLSv1.2","1424","Server Hello"
"182","8.098216","49.44.165.167","192.168.43.56","TCP","1424","443  >  61649 [ACK] Seq=1371 Ack=207 Win=30336 Len=1370 [TCP segment of a reassembled PDU]"
"183","8.098380","192.168.43.56","49.44.165.167","TCP","54","61649  >  443 [ACK] Seq=207 Ack=2741 Win=65536 Len=0"
"184","8.100930","49.44.165.167","192.168.43.56","TLSv1.2","1410","Certificate [TCP segment of a reassembled PDU]"
"185","8.101844","49.44.165.167","192.168.43.56","TCP","54","443  >  61650 [ACK] Seq=1 Ack=207 Win=30336 Len=0"
"186","8.110447","49.44.165.167","192.168.43.56","TLSv1.2","1424","Server Hello"
"187","8.110447","49.44.165.167","192.168.43.56","TCP","1424","443  >  61650 [ACK] Seq=1371 Ack=207 Win=30336 Len=1370 [TCP segment of a reassembled PDU]"
"188","8.110673","192.168.43.56","49.44.165.167","TCP","54","61650  >  443 [ACK] Seq=207 Ack=2741 Win=65536 Len=0"
"189","8.113440","49.44.165.167","192.168.43.56","TLSv1.2","1410","Certificate [TCP segment of a reassembled PDU]"
"190","8.114252","49.44.165.167","192.168.43.56","TLSv1.2","581","Certificate Status, Server Key Exchange, Server Hello Done"
"191","8.114456","192.168.43.56","49.44.165.167","TCP","54","61649  >  443 [ACK] Seq=207 Ack=4624 Win=65536 Len=0"
"192","8.116727","49.44.165.167","192.168.43.56","TLSv1.2","581","Certificate Status, Server Key Exchange, Server Hello Done"
"193","8.116852","192.168.43.56","49.44.165.167","TCP","54","61650  >  443 [ACK] Seq=207 Ack=4624 Win=65536 Len=0"
"194","8.119772","192.168.43.56","49.44.165.167","TLSv1.2","180","Client Key Exchange, Change Cipher Spec, Encrypted Handshake Message"
"195","8.121593","192.168.43.56","49.44.165.167","TLSv1.2","180","Client Key Exchange, Change Cipher Spec, Encrypted Handshake Message"
"196","8.177827","49.44.165.167","192.168.43.56","TLSv1.2","328","New Session Ticket, Change Cipher Spec, Encrypted Handshake Message"
"197","8.177827","49.44.165.167","192.168.43.56","TLSv1.2","328","New Session Ticket, Change Cipher Spec, Encrypted Handshake Message"
"198","8.181000","192.168.43.56","49.44.165.167","TLSv1.2","224","Application Data"
"199","8.212600","52.112.89.131","192.168.43.56","STUN","114","Binding Success Response XOR-MAPPED-ADDRESS: 49.35.218.94:50057"
"200","8.212600","52.112.89.131","192.168.43.56","STUN","114","Binding Success Response XOR-MAPPED-ADDRESS: 49.35.218.94:50049"
"201","8.216254","52.112.89.131","192.168.43.56","STUN","114","Binding Success Response XOR-MAPPED-ADDRESS: 49.35.218.94:50037"
"202","8.221625","192.168.43.56","49.44.165.167","TCP","54","61650  >  443 [ACK] Seq=333 Ack=4898 Win=65280 Len=0"
"203","8.223891","52.112.89.131","192.168.43.56","UDP","81","3479  >  50001 Len=39"
"204","8.225357","52.112.89.131","192.168.43.56","UDP","1257","3479  >  50001 Len=1215"
"205","8.257642","49.44.165.167","192.168.43.56","TCP","1424","443  >  61649 [ACK] Seq=4898 Ack=503 Win=31360 Len=1370 [TCP segment of a reassembled PDU]"
"206","8.257642","49.44.165.167","192.168.43.56","TCP","1424","443  >  61649 [ACK] Seq=6268 Ack=503 Win=31360 Len=1370 [TCP segment of a reassembled PDU]"
"207","8.257830","192.168.43.56","49.44.165.167","TCP","54","61649  >  443 [ACK] Seq=503 Ack=7638 Win=65536 Len=0"
"208","8.261167","49.44.165.167","192.168.43.56","TLSv1.2","1313","Application Data"
"209","8.271320","192.168.43.56","49.44.165.167","TLSv1.2","224","Application Data"
"210","8.286398","192.168.43.56","49.44.165.167","TLSv1.2","247","Application Data"
"211","8.299616","192.168.43.56","52.112.89.131","UDP","145","50037  >  3480 Len=103"
"212","8.339017","49.44.165.167","192.168.43.56","TCP","1424","443  >  61650 [ACK] Seq=4898 Ack=503 Win=31360 Len=1370 [TCP segment of a reassembled PDU]"
"213","8.342446","49.44.165.167","192.168.43.56","TCP","1424","443  >  61650 [ACK] Seq=6268 Ack=503 Win=31360 Len=1370 [TCP segment of a reassembled PDU]"
"214","8.342446","49.44.165.167","192.168.43.56","TLSv1.2","1313","Application Data"
"215","8.342532","192.168.43.56","49.44.165.167","TCP","54","61650  >  443 [ACK] Seq=503 Ack=8897 Win=65536 Len=0"
"216","8.345719","192.168.43.56","49.44.165.167","TLSv1.2","247","Application Data"
"217","8.348494","49.44.165.167","192.168.43.56","TLSv1.2","1359","Application Data"
"218","8.349612","192.168.43.56","49.44.165.167","TLSv1.2","244","Application Data"
"219","8.366122","192.168.43.56","52.112.89.131","UDP","145","50037  >  3480 Len=103"
"220","8.417619","49.44.165.167","192.168.43.56","TLSv1.2","1359","Application Data"
"221","8.419767","192.168.43.56","49.44.165.167","TLSv1.2","244","Application Data"
"222","8.422005","49.44.165.167","192.168.43.56","TCP","1424","443  >  61649 [ACK] Seq=10202 Ack=886 Win=33536 Len=1370 [TCP segment of a reassembled PDU]"
"223","8.422005","49.44.165.167","192.168.43.56","TLSv1.2","102","Application Data"
"224","8.422150","192.168.43.56","49.44.165.167","TCP","54","61649  >  443 [ACK] Seq=886 Ack=11620 Win=65536 Len=0"
"225","8.496663","49.44.165.167","192.168.43.56","TCP","1424","443  >  61650 [ACK] Seq=10202 Ack=886 Win=33536 Len=1370 [TCP segment of a reassembled PDU]"
"226","8.496663","49.44.165.167","192.168.43.56","TLSv1.2","102","Application Data"
"227","8.496881","192.168.43.56","49.44.165.167","TCP","54","61650  >  443 [ACK] Seq=886 Ack=11620 Win=65536 Len=0"
"228","8.500716","192.168.43.56","49.44.165.167","TLSv1.2","245","Application Data"
"229","8.541174","192.168.43.56","49.44.165.167","TLSv1.2","245","Application Data"
"230","8.576649","49.44.165.167","192.168.43.56","TLSv1.2","1046","Application Data"
"231","8.617608","49.44.165.167","192.168.43.56","TLSv1.2","1046","Application Data"
"232","8.626952","192.168.43.56","49.44.165.167","TCP","54","61650  >  443 [ACK] Seq=1077 Ack=12612 Win=64768 Len=0"
"233","8.658007","192.168.43.56","49.44.165.167","TCP","54","61649  >  443 [ACK] Seq=1077 Ack=12612 Win=64768 Len=0"
"234","8.702658","52.112.89.131","192.168.43.56","UDP","141","3480  >  50037 Len=99"
"235","8.709001","192.168.43.56","52.112.89.131","UDP","145","50037  >  3480 Len=103"
"236","8.919589","192.168.43.56","52.112.89.131","UDP","158","50001  >  3479 Len=116"
"237","8.981595","2409:4042:e81:25c5:117c:5fb9:e6be:ac0d","2404:6800:4009:80c::2004","ICMPv6","94","Echo (ping) request id=0x0001, seq=72, hop limit=128 (reply in 238)"
"238","9.060197","2404:6800:4009:80c::2004","2409:4042:e81:25c5:117c:5fb9:e6be:ac0d","ICMPv6","94","Echo (ping) reply id=0x0001, seq=72, hop limit=117 (request in 237)"
"239","9.129381","192.168.43.56","52.112.89.131","UDP","145","50037  >  3480 Len=103"
"240","9.145095","52.112.89.131","192.168.43.56","STUN","114","Binding Success Response XOR-MAPPED-ADDRESS: 49.35.218.94:50001"
"241","9.164042","192.168.43.56","52.112.89.131","UDP","145","50037  >  3480 Len=103"
"242","9.175641","192.168.43.56","52.112.89.131","UDP","141","50057  >  3481 Len=99"
"243","9.286189","192.168.43.56","52.112.89.131","UDP","158","50037  >  3480 Len=116"
"244","9.286385","192.168.43.56","52.112.89.131","UDP","158","50049  >  3481 Len=116"
"245","9.286520","192.168.43.56","52.112.89.131","UDP","158","50057  >  3481 Len=116"
"246","9.308221","52.112.89.131","192.168.43.56","UDP","117","3480  >  50037 Len=75"
"247","9.471036","52.112.89.131","192.168.43.56","STUN","114","Binding Success Response XOR-MAPPED-ADDRESS: 49.35.218.94:50057"
"248","9.471036","52.112.89.131","192.168.43.56","STUN","114","Binding Success Response XOR-MAPPED-ADDRESS: 49.35.218.94:50049"
"249","9.474459","52.112.89.131","192.168.43.56","STUN","114","Binding Success Response XOR-MAPPED-ADDRESS: 49.35.218.94:50037"
"250","9.500586","52.114.15.138","192.168.43.56","TLSv1.2","756","Application Data"
"251","9.501843","192.168.43.56","52.114.15.138","TLSv1.2","769","Application Data"
"252","9.752831","52.112.89.131","192.168.43.56","UDP","117","3480  >  50037 Len=75"
"253","9.752831","52.114.15.138","192.168.43.56","TCP","54","443  >  49512 [ACK] Seq=703 Ack=716 Win=2046 Len=0"
"254","9.811753","fe80::4470:eeff:fe29:b066","2409:4042:e81:25c5:117c:5fb9:e6be:ac0d","ICMPv6","86","Neighbor Solicitation for 2409:4042:e81:25c5:117c:5fb9:e6be:ac0d from dc:1a:c5:56:f7:dd"
"255","9.812180","2409:4042:e81:25c5:117c:5fb9:e6be:ac0d","fe80::4470:eeff:fe29:b066","ICMPv6","86","Neighbor Advertisement 2409:4042:e81:25c5:117c:5fb9:e6be:ac0d (sol, ovr) is at d8:c0:a6:8b:92:eb"
"256","9.853570","52.112.89.131","192.168.43.56","UDP","117","3480  >  50037 Len=75"
"257","9.894520","52.112.89.131","192.168.43.56","UDP","117","3480  >  50037 Len=75"
"258","10.002383","2409:4042:e81:25c5:117c:5fb9:e6be:ac0d","2404:6800:4009:80c::2004","ICMPv6","94","Echo (ping) request id=0x0001, seq=73, hop limit=128 (reply in 260)"
"259","10.013553","52.112.89.131","192.168.43.56","UDP","141","3481  >  50049 Len=99"
"260","10.081770","2404:6800:4009:80c::2004","2409:4042:e81:25c5:117c:5fb9:e6be:ac0d","ICMPv6","94","Echo (ping) reply id=0x0001, seq=73, hop limit=117 (request in 258)"
"261","10.094727","52.112.89.131","192.168.43.56","UDP","117","3480  >  50037 Len=75"
"262","10.114220","52.112.89.131","192.168.43.56","UDP","117","3480  >  50037 Len=75"
"263","10.232251","192.168.43.56","52.112.89.131","UDP","158","50001  >  3479 Len=116"
"264","10.553645","192.168.43.56","52.112.89.131","UDP","158","50037  >  3480 Len=116"
"265","10.553984","192.168.43.56","52.112.89.131","UDP","158","50049  >  3481 Len=116"
"266","10.554224","192.168.43.56","52.112.89.131","UDP","158","50057  >  3481 Len=116"
"267","10.624138","52.112.89.131","192.168.43.56","STUN","114","Binding Success Response XOR-MAPPED-ADDRESS: 49.35.218.94:50001"
"268","10.760626","192.168.43.56","52.112.89.131","UDP","145","50037  >  3480 Len=103"
"269","10.879503","52.112.89.131","192.168.43.56","STUN","114","Binding Success Response XOR-MAPPED-ADDRESS: 49.35.218.94:50057"
"270","10.879503","52.112.89.131","192.168.43.56","STUN","114","Binding Success Response XOR-MAPPED-ADDRESS: 49.35.218.94:50049"
"271","10.894425","52.112.89.131","192.168.43.56","STUN","114","Binding Success Response XOR-MAPPED-ADDRESS: 49.35.218.94:50037"
"272","11.094031","192.168.43.56","52.112.89.131","UDP","177","50001  >  3479 Len=135"
"273","11.152457","52.112.89.131","192.168.43.56","UDP","117","3480  >  50037 Len=75"
"274","11.477382","192.168.43.56","52.112.89.131","UDP","145","50037  >  3480 Len=103"
"275","11.515053","192.168.43.56","52.112.89.131","UDP","141","50049  >  3481 Len=99"
"276","11.544194","52.112.89.131","192.168.43.56","UDP","117","3480  >  50037 Len=75"
"277","11.579353","192.168.43.56","52.112.89.131","UDP","145","50037  >  3480 Len=103"
"278","11.650025","192.168.43.56","52.112.89.131","UDP","93","50057  >  3481 Len=51"
"279","11.650223","192.168.43.56","52.112.89.131","UDP","1269","50057  >  3481 Len=1227"
"280","11.650382","192.168.43.56","52.112.89.131","UDP","1269","50057  >  3481 Len=1227"
"281","11.671992","192.168.43.56","52.112.89.131","UDP","158","50001  >  3479 Len=116"
"282","11.935463","192.168.43.56","52.112.89.131","UDP","158","50037  >  3480 Len=116"
"283","11.935676","192.168.43.56","52.112.89.131","UDP","158","50049  >  3481 Len=116"
"284","11.935831","192.168.43.56","52.112.89.131","UDP","158","50057  >  3481 Len=116"
"285","11.941680","192.168.43.56","52.112.89.131","UDP","145","50037  >  3480 Len=103"
"286","11.981591","52.112.89.131","192.168.43.56","UDP","129","3481  >  50057 Len=87"
"287","11.981591","52.112.89.131","192.168.43.56","STUN","114","Binding Success Response XOR-MAPPED-ADDRESS: 49.35.218.94:50001"
"288","11.981850","52.112.89.131","192.168.43.56","UDP","129","3479  >  50001 Len=87"
"289","12.005846","192.168.43.56","52.112.89.131","UDP","141","50037  >  3480 Len=99"
"290","12.111334","192.168.43.56","52.112.89.131","UDP","145","50037  >  3480 Len=103"
"291","12.174684","52.112.89.131","192.168.43.56","UDP","117","3480  >  50037 Len=75"
"292","12.223834","52.112.89.131","192.168.43.56","UDP","117","3480  >  50037 Len=75"
"293","12.231549","52.112.89.131","192.168.43.56","STUN","114","Binding Success Response XOR-MAPPED-ADDRESS: 49.35.218.94:50057"
"294","12.231549","52.112.89.131","192.168.43.56","STUN","114","Binding Success Response XOR-MAPPED-ADDRESS: 49.35.218.94:50049"
"295","12.238435","52.112.89.131","192.168.43.56","STUN","114","Binding Success Response XOR-MAPPED-ADDRESS: 49.35.218.94:50037"
"296","12.312831","52.112.89.131","192.168.43.56","UDP","81","3479  >  50001 Len=39"
"297","12.312831","52.112.89.131","192.168.43.56","UDP","1257","3479  >  50001 Len=1215"
"298","12.344091","2409:4042:e81:25c5:117c:5fb9:e6be:ac0d","2405:200:800::1","DNS","109","Standard query 0xc3ec A context-enroll.ccs.mcafee.com"
"299","12.344475","2409:4042:e81:25c5:117c:5fb9:e6be:ac0d","2405:200:800::1","DNS","109","Standard query 0x6fd6 AAAA context-enroll.ccs.mcafee.com"
"300","12.423640","2405:200:800::1","2409:4042:e81:25c5:117c:5fb9:e6be:ac0d","DNS","109","Standard query response 0x6fd6 AAAA context-enroll.ccs.mcafee.com"
"301","12.423640","2405:200:800::1","2409:4042:e81:25c5:117c:5fb9:e6be:ac0d","DNS","125","Standard query response 0xc3ec A context-enroll.ccs.mcafee.com A 161.69.17.48"
"302","12.432215","192.168.43.56","161.69.17.48","TCP","66","61651  >  443 [SYN] Seq=0 Win=64240 Len=0 MSS=1460 WS=256 SACK_PERM=1"
"303","12.533552","52.112.89.131","192.168.43.56","UDP","141","3480  >  50037 Len=99"
"304","12.593676","192.168.43.56","52.112.89.131","UDP","145","50037  >  3480 Len=103"
"305","12.600418","192.168.43.56","52.112.89.131","UDP","141","50057  >  3481 Len=99"
"306","12.738942","161.69.17.48","192.168.43.56","TCP","62","443  >  61651 [SYN, ACK] Seq=0 Ack=1 Win=4110 Len=0 MSS=1370 SACK_PERM=1"
"307","12.739220","192.168.43.56","161.69.17.48","TCP","54","61651  >  443 [ACK] Seq=1 Ack=1 Win=64240 Len=0"
"308","12.740503","192.168.43.56","161.69.17.48","TLSv1.2","268","Client Hello"
"309","12.831650","52.112.89.131","192.168.43.56","UDP","117","3480  >  50037 Len=75"
"310","12.831650","52.112.89.131","192.168.43.56","UDP","117","3480  >  50037 Len=75"
"311","13.003441","192.168.43.56","52.112.89.131","UDP","158","50001  >  3479 Len=116"
"312","13.094223","52.112.89.131","192.168.43.56","UDP","117","3480  >  50037 Len=75"
"313","13.102548","161.69.17.48","192.168.43.56","TLSv1.2","1424","Server Hello"
"314","13.105813","161.69.17.48","192.168.43.56","TCP","1424","443  >  61651 [ACK] Seq=1371 Ack=215 Win=4110 Len=1370 [TCP segment of a reassembled PDU]"
"315","13.105956","192.168.43.56","161.69.17.48","TCP","54","61651  >  443 [ACK] Seq=215 Ack=2741 Win=64390 Len=0"
"316","13.109344","161.69.17.48","192.168.43.56","TCP","1424","443  >  61651 [PSH, ACK] Seq=2741 Ack=215 Win=4110 Len=1370 [TCP segment of a reassembled PDU]"
"317","13.160156","192.168.43.56","161.69.17.48","TCP","54","61651  >  443 [ACK] Seq=215 Ack=4111 Win=64390 Len=0"
"318","13.237687","192.168.43.56","52.112.89.131","UDP","145","50037  >  3480 Len=103"
"319","13.255072","52.112.89.131","192.168.43.56","UDP","141","3481  >  50049 Len=99"
"320","13.258713","52.112.89.131","192.168.43.56","UDP","117","3480  >  50037 Len=75"
"321","13.269729","192.168.43.56","52.112.89.131","UDP","158","50037  >  3480 Len=116"
"322","13.270095","192.168.43.56","52.112.89.131","UDP","158","50049  >  3481 Len=116"
"323","13.270483","192.168.43.56","52.112.89.131","UDP","158","50057  >  3481 Len=116"
"324","13.293821","52.112.89.131","192.168.43.56","STUN","114","Binding Success Response XOR-MAPPED-ADDRESS: 49.35.218.94:50001"
"325","13.310783","192.168.43.56","52.112.89.131","UDP","145","50037  >  3480 Len=103"
"326","13.412448","161.69.17.48","192.168.43.56","TLSv1.2","837","Certificate, Server Hello Done"
